id_penguin,date_time,study_name,sample_number,species,island,bill_length_mm,bill_depth_mm,flipper_length_mm,body_mass_g,sex,latitude,longitude,name_batch
1,2007-11-09 08:30:00,PAL0708,33,Adelie,Dream,39.5,17.8,188.0,3300.0,FEMALE,,,B02
2,2007-11-09 10:00:00,PAL0708,9,Adelie,Torgersen,34.1,18.1,193.0,3475.0,,,,B02
3,2007-11-09 11:30:00,PAL0708,34,Adelie,Dream,40.9,18.9,184.0,3900.0,MALE,,,B02
4,2007-11-09 11:30:00,PAL0708,11,Adelie,Torgersen,37.8,17.1,186.0,3300.0,,,,
5,2007-11-09 11:30:00,PAL0708,10,Adelie,Torgersen,42.0,20.2,190.0,4250.0,,,,B01
6,2007-11-09 14:30:00,PAL0708,31,Adelie,Dream,39.5,16.7,178.0,3250.0,FEMALE,,,B02
7,2007-11-09 14:30:00,PAL0708,32,Adelie,Dream,37.2,18.1,178.0,3900.0,MALE,,,B02
8,2007-11-09 15:00:00,PAL0708,12,Adelie,Torgersen,37.8,17.3,180.0,3700.0,,,,B02
10,2007-11-10 08:30:00,PAL0708,25,Adelie,Biscoe,38.8,17.2,180.0,3800.0,MALE,,,B02
11,2007-11-10 12:30:00,PAL0708,29,Adelie,Biscoe,37.9,18.6,172.0,3150.0,FEMALE,,,B02
12,2007-11-10 16:30:00,PAL0708,30,Adelie,Biscoe,40.5,18.9,180.0,3950.0,MALE,,,
13,2007-11-11 12:00:00,PAL0708,1,Adelie,Torgersen,39.1,18.7,181.0,3750.0,MALE,,,B02
14,2007-11-11 16:30:00,PAL0708,2,Adelie,Torgersen,39.5,17.4,186.0,3800.0,FEMALE,,,B02
9,2007-11-12 08:30:00,PAL0708,23,Adelie,Biscoe,35.9,19.2,189.0,3800.0,FEMALE,,,B01
16,2007-11-12 12:30:00,PAL0708,18,Adelie,Torgersen,42.5,20.7,197.0,4500.0,MALE,,,B01
17,2007-11-12 12:30:00,PAL0708,24,Adelie,Biscoe,38.2,18.1,185.0,3950.0,MALE,,,B01
18,2007-11-12 14:30:00,PAL0708,17,Adelie,Torgersen,38.7,19.0,195.0,3450.0,FEMALE,,,B01
19,2007-11-12 15:30:00,PAL0708,21,Adelie,Biscoe,37.8,18.3,174.0,3400.0,FEMALE,,,B01
20,2007-11-12 15:30:00,PAL0708,22,Adelie,Biscoe,37.7,18.7,180.0,3600.0,MALE,,,B01
23,2007-11-13 09:00:00,PAL0708,50,Adelie,Dream,42.3,21.2,191.0,4150.0,MALE,,,B01
24,2007-11-13 09:30:00,PAL0708,48,Adelie,Dream,37.5,18.9,179.0,2975.0,,,,B01
26,2007-11-13 13:30:00,PAL0708,39,Adelie,Dream,37.6,19.3,181.0,3300.0,FEMALE,,,B01
27,2007-11-13 16:00:00,PAL0708,47,Adelie,Dream,41.1,19.0,182.0,3425.0,MALE,,,B02
29,2007-11-15 12:30:00,PAL0708,8,Adelie,Torgersen,39.2,19.6,195.0,4675.0,MALE,,,B01
30,2007-11-15 13:30:00,PAL0708,14,Adelie,Torgersen,38.6,21.2,191.0,3800.0,MALE,,,B01
31,2007-11-15 15:30:00,PAL0708,7,Adelie,Torgersen,38.9,17.8,181.0,3625.0,FEMALE,,,B01
32,2007-11-16 08:00:00,PAL0708,20,Adelie,Torgersen,46.0,21.5,194.0,4200.0,MALE,,,B02
33,2007-11-16 08:00:00,PAL0708,38,Adelie,Dream,42.2,18.5,180.0,3550.0,FEMALE,,,B01
34,2007-11-16 08:30:00,PAL0708,5,Adelie,Torgersen,36.7,19.3,193.0,3450.0,FEMALE,,,B01
35,2007-11-16 09:00:00,PAL0708,37,Adelie,Dream,38.8,20.0,190.0,3950.0,MALE,,,B01
36,2007-11-16 09:30:00,PAL0708,16,Adelie,Torgersen,36.6,17.8,185.0,3700.0,FEMALE,,,B01
37,2007-11-16 09:30:00,PAL0708,19,Adelie,Torgersen,34.4,18.4,184.0,3325.0,FEMALE,,,B02
38,2007-11-16 10:30:00,PAL0708,42,Adelie,Dream,40.8,18.4,195.0,3900.0,MALE,,,B01
39,2007-11-16 11:30:00,PAL0708,45,Adelie,Dream,37.0,16.9,185.0,3000.0,FEMALE,,,B01
40,2007-11-16 11:30:00,PAL0708,3,Adelie,Torgersen,40.3,18.0,195.0,3250.0,FEMALE,,,B02
41,2007-11-16 13:00:00,PAL0708,4,Adelie,Torgersen,,,,,,,,B01
42,2007-11-16 13:00:00,PAL0708,35,Adelie,Dream,36.4,17.0,195.0,3325.0,FEMALE,,,B02
43,2007-11-16 13:00:00,PAL0708,36,Adelie,Dream,39.2,21.1,196.0,4150.0,MALE,,,B01
44,2007-11-16 14:30:00,PAL0708,46,Adelie,Dream,39.6,18.8,190.0,4600.0,MALE,,,B02
45,2007-11-16 15:00:00,PAL0708,15,Adelie,Torgersen,34.6,21.1,198.0,4400.0,MALE,,,B02
46,2007-11-16 16:00:00,PAL0708,41,Adelie,Dream,36.5,18.0,182.0,3150.0,FEMALE,,,B02
47,2007-11-16 16:30:00,PAL0708,6,Adelie,Torgersen,39.3,20.6,190.0,3650.0,MALE,,,B02
48,2007-11-18 15:00:00,PAL0708,6,Gentoo,Biscoe,46.5,13.5,210.0,4550.0,FEMALE,,,B04
49,2007-11-18 15:30:00,PAL0708,5,Gentoo,Biscoe,47.6,14.5,215.0,5400.0,MALE,,,
50,2007-11-19 09:00:00,PAL0708,1,Chinstrap,Dream,46.5,17.9,192.0,3500.0,FEMALE,,,B06
51,2007-11-19 10:30:00,PAL0708,2,Chinstrap,Dream,50.0,19.5,196.0,3900.0,MALE,,,B05
52,2007-11-19 11:30:00,PAL0708,44,Adelie,Dream,44.1,19.7,196.0,4400.0,MALE,,,B02
54,2007-11-21 09:30:00,PAL0708,10,Chinstrap,Dream,51.3,19.9,198.0,3700.0,MALE,,,B05
55,2007-11-21 12:30:00,PAL0708,5,Chinstrap,Dream,52.7,19.8,197.0,3725.0,MALE,,,B05
56,2007-11-21 13:30:00,PAL0708,6,Chinstrap,Dream,45.2,17.8,198.0,3950.0,FEMALE,,,B06
57,2007-11-21 15:30:00,PAL0708,9,Chinstrap,Dream,46.0,18.9,195.0,4150.0,FEMALE,,,B05
58,2007-11-22 08:00:00,PAL0708,16,Chinstrap,Dream,50.5,19.6,201.0,4050.0,MALE,,,
59,2007-11-22 16:00:00,PAL0708,15,Chinstrap,Dream,45.9,17.1,190.0,3575.0,FEMALE,,,B05
60,2007-11-26 11:00:00,PAL0708,3,Chinstrap,Dream,51.3,19.2,193.0,3650.0,MALE,,,B06
61,2007-11-26 11:30:00,PAL0708,14,Chinstrap,Dream,52.0,18.1,201.0,4050.0,MALE,,,B06
62,2007-11-26 13:00:00,PAL0708,13,Chinstrap,Dream,47.0,17.3,185.0,3700.0,FEMALE,,,B05
63,2007-11-26 15:00:00,PAL0708,4,Chinstrap,Dream,45.4,18.7,188.0,3525.0,FEMALE,,,B05
64,2007-11-27 09:00:00,PAL0708,19,Gentoo,Biscoe,46.2,14.5,209.0,4800.0,FEMALE,,,B03
65,2007-11-27 09:00:00,PAL0708,18,Gentoo,Biscoe,49.2,15.2,221.0,6300.0,MALE,,,B04
66,2007-11-27 10:00:00,PAL0708,21,Gentoo,Biscoe,50.2,14.3,218.0,5700.0,MALE,,,B03
67,2007-11-27 11:30:00,PAL0708,4,Gentoo,Biscoe,50.0,15.2,218.0,5700.0,MALE,,,B03
68,2007-11-27 12:00:00,PAL0708,8,Gentoo,Biscoe,46.7,15.3,219.0,5200.0,MALE,,,B03
69,2007-11-27 12:30:00,PAL0708,1,Gentoo,Biscoe,46.1,13.2,211.0,4500.0,FEMALE,,,
70,2007-11-27 12:30:00,PAL0708,24,Gentoo,Biscoe,46.3,15.8,215.0,5050.0,MALE,,,B04
71,2007-11-27 13:30:00,PAL0708,20,Gentoo,Biscoe,48.7,15.1,222.0,5350.0,MALE,,,B03
72,2007-11-27 14:00:00,PAL0708,2,Gentoo,Biscoe,50.0,16.3,230.0,5700.0,MALE,,,
73,2007-11-27 14:30:00,PAL0708,22,Gentoo,Biscoe,45.1,14.5,215.0,5000.0,FEMALE,,,
74,2007-11-27 15:00:00,PAL0708,23,Gentoo,Biscoe,46.5,14.5,213.0,4400.0,FEMALE,,,B04
75,2007-11-27 15:00:00,PAL0708,17,Gentoo,Biscoe,42.0,13.5,210.0,4150.0,FEMALE,,,B04
76,2007-11-27 15:00:00,PAL0708,3,Gentoo,Biscoe,48.7,14.1,210.0,4450.0,FEMALE,,,B04
77,2007-11-27 15:30:00,PAL0708,9,Gentoo,Biscoe,43.3,13.4,209.0,4400.0,FEMALE,,,B03
78,2007-11-27 16:00:00,PAL0708,12,Gentoo,Biscoe,49.0,16.1,216.0,5550.0,MALE,,,B04
79,2007-11-27 16:00:00,PAL0708,11,Gentoo,Biscoe,40.9,13.7,214.0,4650.0,FEMALE,,,B03
80,2007-11-27 16:30:00,PAL0708,10,Gentoo,Biscoe,46.8,15.4,215.0,5150.0,MALE,,,B04
81,2007-11-27 16:30:00,PAL0708,7,Gentoo,Biscoe,45.4,14.6,211.0,4800.0,FEMALE,,,B04
82,2007-11-28 08:30:00,PAL0708,26,Chinstrap,Dream,52.0,19.0,197.0,4150.0,MALE,,,B05
83,2007-11-28 10:00:00,PAL0708,12,Chinstrap,Dream,51.7,20.3,194.0,3775.0,MALE,,,B06
84,2007-11-28 13:00:00,PAL0708,8,Chinstrap,Dream,51.3,18.2,197.0,3750.0,MALE,,,B05
85,2007-11-28 13:30:00,PAL0708,11,Chinstrap,Dream,46.6,17.8,193.0,3800.0,FEMALE,,,B05
86,2007-11-28 13:30:00,PAL0708,25,Chinstrap,Dream,46.7,17.9,195.0,3300.0,FEMALE,,,B05
87,2007-11-28 14:00:00,PAL0708,24,Chinstrap,Dream,50.6,19.4,193.0,3800.0,MALE,,,B05
88,2007-11-28 14:00:00,PAL0708,7,Chinstrap,Dream,46.1,18.2,178.0,3250.0,FEMALE,,,B04
89,2007-11-28 14:00:00,PAL0708,23,Chinstrap,Dream,43.2,16.6,187.0,2900.0,FEMALE,,,B06
90,2007-11-29 09:00:00,PAL0708,30,Gentoo,Biscoe,50.0,15.3,220.0,5550.0,MALE,,,B04
91,2007-11-29 09:30:00,PAL0708,28,Gentoo,Biscoe,47.8,15.0,215.0,5650.0,MALE,,,B04
92,2007-11-29 11:30:00,PAL0708,13,Gentoo,Biscoe,45.5,13.7,214.0,4650.0,FEMALE,,,B03
93,2007-11-29 12:30:00,PAL0708,26,Gentoo,Biscoe,46.1,15.1,215.0,5100.0,MALE,,,B04
94,2007-11-29 13:00:00,PAL0708,27,Gentoo,Biscoe,44.5,14.3,216.0,4100.0,,,,B04
95,2007-11-29 13:00:00,PAL0708,29,Gentoo,Biscoe,48.2,14.3,210.0,4600.0,FEMALE,,,B04
96,2007-11-29 13:30:00,PAL0708,31,Gentoo,Biscoe,47.3,15.3,222.0,5250.0,MALE,,,B04
97,2007-11-29 15:00:00,PAL0708,25,Gentoo,Biscoe,42.9,13.1,215.0,5000.0,FEMALE,,,B03
98,2007-11-29 15:00:00,PAL0708,32,Gentoo,Biscoe,42.8,14.2,209.0,4700.0,FEMALE,,,B03
99,2007-11-29 16:00:00,PAL0708,14,Gentoo,Biscoe,48.4,14.6,213.0,5850.0,MALE,,,B04
100,2007-11-30 08:00:00,PAL0708,18,Chinstrap,Dream,58.0,17.8,181.0,3700.0,FEMALE,,,B06
101,2007-11-30 11:00:00,PAL0708,19,Chinstrap,Dream,46.4,18.6,190.0,3450.0,FEMALE,,,B06
102,2007-11-30 12:30:00,PAL0708,17,Chinstrap,Dream,50.3,20.0,197.0,3300.0,MALE,,,B05
103,2007-11-30 13:30:00,PAL0708,20,Chinstrap,Dream,49.2,18.2,195.0,4400.0,MALE,,,B05
104,2007-12-03 09:00:00,PAL0708,34,Gentoo,Biscoe,59.6,17.0,230.0,6050.0,MALE,,,B04
105,2007-12-03 10:00:00,PAL0708,21,Chinstrap,Dream,42.4,17.3,181.0,3600.0,FEMALE,,,
106,2007-12-03 10:30:00,PAL0708,22,Chinstrap,Dream,48.5,17.5,191.0,3400.0,MALE,,,B05
107,2007-12-03 11:30:00,PAL0708,15,Gentoo,Biscoe,45.8,14.6,210.0,4200.0,FEMALE,,,B03
108,2007-12-03 14:30:00,PAL0708,33,Gentoo,Biscoe,45.1,14.5,207.0,5050.0,FEMALE,,,B03
109,2007-12-03 16:00:00,PAL0708,16,Gentoo,Biscoe,49.3,15.7,217.0,5850.0,MALE,,,B03
110,2008-11-02 08:30:00,PAL0809,38,Gentoo,Biscoe,44.4,17.3,219.0,5250.0,MALE,,,B04
111,2008-11-02 09:00:00,PAL0809,37,Gentoo,Biscoe,42.6,13.7,213.0,4950.0,FEMALE,,,B03
112,2008-11-02 10:00:00,PAL0809,81,Adelie,Torgersen,34.6,17.2,189.0,3200.0,FEMALE,,,B01
113,2008-11-02 10:30:00,PAL0809,50,Gentoo,Biscoe,45.2,15.8,215.0,5300.0,MALE,,,B03
114,2008-11-02 11:00:00,PAL0809,49,Gentoo,Biscoe,44.9,13.3,213.0,5100.0,FEMALE,,,B03
115,2008-11-02 12:30:00,PAL0809,82,Adelie,Torgersen,42.9,17.6,196.0,4700.0,MALE,,,B01
116,2008-11-03 09:30:00,PAL0809,72,Gentoo,Biscoe,46.4,15.6,221.0,5000.0,MALE,,,B04
117,2008-11-03 10:30:00,PAL0809,46,Gentoo,Biscoe,43.6,13.9,217.0,4900.0,FEMALE,,,B04
118,2008-11-03 10:30:00,PAL0809,57,Gentoo,Biscoe,43.8,13.9,208.0,4300.0,FEMALE,,,B04
119,2008-11-03 11:30:00,PAL0809,61,Gentoo,Biscoe,45.3,13.8,208.0,4200.0,FEMALE,,,B03
120,2008-11-03 12:00:00,PAL0809,71,Gentoo,Biscoe,47.7,15.0,216.0,4750.0,FEMALE,,,B04
121,2008-11-03 13:30:00,PAL0809,45,Gentoo,Biscoe,50.5,15.9,222.0,5550.0,MALE,,,
122,2008-11-03 14:30:00,PAL0809,58,Gentoo,Biscoe,45.5,15.0,220.0,5000.0,MALE,,,B04
123,2008-11-03 16:00:00,PAL0809,62,Gentoo,Biscoe,46.2,14.9,221.0,5300.0,MALE,,,B03
124,2008-11-04 08:00:00,PAL0809,42,Gentoo,Biscoe,49.6,16.0,225.0,5700.0,MALE,,,B03
125,2008-11-04 09:30:00,PAL0809,56,Gentoo,Biscoe,45.0,15.4,220.0,5050.0,MALE,,,B04
126,2008-11-04 10:00:00,PAL0809,43,Gentoo,Biscoe,45.3,13.7,210.0,4300.0,FEMALE,,,B04
127,2008-11-04 10:00:00,PAL0809,55,Gentoo,Biscoe,46.5,14.4,217.0,4900.0,FEMALE,,,B03
128,2008-11-04 10:30:00,PAL0809,51,Gentoo,Biscoe,46.6,14.2,210.0,4850.0,FEMALE,,,B04
129,2008-11-04 12:00:00,PAL0809,41,Gentoo,Biscoe,42.7,13.7,208.0,3950.0,FEMALE,,,B04
130,2008-11-04 12:30:00,PAL0809,52,Gentoo,Biscoe,48.5,14.1,220.0,5300.0,MALE,,,B04
131,2008-11-04 12:30:00,PAL0809,53,Gentoo,Biscoe,45.1,14.4,210.0,4400.0,FEMALE,,,B03
132,2008-11-04 13:00:00,PAL0809,65,Gentoo,Biscoe,45.8,14.2,219.0,4700.0,FEMALE,,,B03
133,2008-11-04 13:30:00,PAL0809,54,Gentoo,Biscoe,50.1,15.0,225.0,5000.0,MALE,,,B03
134,2008-11-04 13:30:00,PAL0809,44,Gentoo,Biscoe,49.6,15.0,216.0,4750.0,MALE,,,B03
135,2008-11-04 15:30:00,PAL0809,66,Gentoo,Biscoe,49.8,16.8,230.0,5700.0,MALE,,,
137,2008-11-05 12:00:00,PAL0809,93,Adelie,Dream,34.0,17.1,185.0,3400.0,FEMALE,,,
138,2008-11-06 08:30:00,PAL0809,76,Gentoo,Biscoe,48.6,16.0,230.0,5800.0,MALE,,,B03
139,2008-11-06 08:30:00,PAL0809,77,Adelie,Torgersen,40.9,16.8,191.0,3700.0,FEMALE,,,B02
140,2008-11-06 09:00:00,PAL0809,78,Adelie,Torgersen,37.2,19.4,184.0,3900.0,MALE,,,
141,2008-11-06 10:30:00,PAL0809,75,Gentoo,Biscoe,46.4,15.0,216.0,4700.0,FEMALE,,,B03
142,2008-11-06 11:00:00,PAL0809,68,Adelie,Biscoe,41.1,19.1,188.0,4100.0,MALE,,,B02
143,2008-11-06 12:00:00,PAL0809,67,Adelie,Biscoe,35.5,16.2,195.0,3350.0,FEMALE,,,B02
144,2008-11-06 14:00:00,PAL0809,52,Adelie,Biscoe,40.1,18.9,188.0,4300.0,MALE,,,B02
146,2008-11-06 15:00:00,PAL0809,60,Gentoo,Biscoe,50.4,15.3,224.0,5550.0,MALE,,,B03
147,2008-11-06 15:30:00,PAL0809,59,Gentoo,Biscoe,43.2,14.5,208.0,4450.0,FEMALE,,,B04
148,2008-11-06 15:30:00,PAL0809,78,Gentoo,Biscoe,51.1,16.3,220.0,6000.0,MALE,,,B04
149,2008-11-06 16:30:00,PAL0809,77,Gentoo,Biscoe,47.5,14.2,209.0,4600.0,FEMALE,,,B03
150,2008-11-07 13:00:00,PAL0809,83,Adelie,Torgersen,36.7,18.8,187.0,3800.0,FEMALE,,,B01
151,2008-11-07 14:00:00,PAL0809,84,Adelie,Torgersen,35.1,19.4,193.0,4200.0,MALE,,,B02
152,2008-11-08 08:00:00,PAL0809,90,Adelie,Dream,38.9,18.8,190.0,3600.0,FEMALE,,,B01
153,2008-11-08 08:00:00,PAL0809,97,Adelie,Dream,38.1,18.6,190.0,3700.0,FEMALE,,,B01
156,2008-11-08 12:00:00,PAL0809,87,Adelie,Dream,36.3,19.5,190.0,3800.0,MALE,,,B01
157,2008-11-08 13:00:00,PAL0809,98,Adelie,Dream,40.3,18.5,196.0,4350.0,MALE,,,B01
158,2008-11-08 15:00:00,PAL0809,75,Adelie,Torgersen,35.5,17.5,190.0,3700.0,FEMALE,,,
159,2008-11-08 15:30:00,PAL0809,89,Adelie,Dream,38.3,19.2,189.0,3950.0,MALE,,,B01
160,2008-11-09 08:30:00,PAL0809,68,Gentoo,Biscoe,49.5,16.2,229.0,5800.0,MALE,,,B03
161,2008-11-09 09:00:00,PAL0809,53,Adelie,Biscoe,35.0,17.9,190.0,3450.0,FEMALE,,,B01
162,2008-11-09 09:00:00,PAL0809,80,Adelie,Torgersen,42.1,19.1,195.0,4000.0,MALE,,,B01
163,2008-11-09 10:00:00,PAL0809,79,Adelie,Torgersen,36.2,16.1,187.0,3550.0,FEMALE,,,B02
164,2008-11-09 11:00:00,PAL0809,47,Gentoo,Biscoe,45.5,13.9,210.0,4200.0,FEMALE,,,B04
165,2008-11-09 11:00:00,PAL0809,74,Gentoo,Biscoe,46.5,14.8,217.0,5200.0,FEMALE,,,B04
166,2008-11-09 11:30:00,PAL0809,67,Gentoo,Biscoe,46.2,14.4,214.0,4650.0,,,,B04
167,2008-11-09 11:30:00,PAL0809,79,Gentoo,Biscoe,45.2,13.8,215.0,4750.0,FEMALE,,,B04
168,2008-11-09 11:30:00,PAL0809,40,Gentoo,Biscoe,48.7,15.7,208.0,5350.0,MALE,,,B04
169,2008-11-09 12:00:00,PAL0809,80,Gentoo,Biscoe,45.2,16.4,223.0,5950.0,MALE,,,B04
170,2008-11-09 12:00:00,PAL0809,48,Gentoo,Biscoe,50.5,15.9,225.0,5400.0,MALE,,,B04
171,2008-11-09 13:30:00,PAL0809,39,Gentoo,Biscoe,44.0,13.6,208.0,4350.0,FEMALE,,,B03
172,2008-11-09 15:30:00,PAL0809,54,Adelie,Biscoe,42.0,19.5,200.0,4050.0,MALE,,,B01
174,2008-11-09 15:30:00,PAL0809,73,Gentoo,Biscoe,48.2,15.6,221.0,5100.0,MALE,,,B04
175,2008-11-09 16:30:00,PAL0809,55,Adelie,Biscoe,34.5,18.1,187.0,2900.0,FEMALE,,,B02
176,2008-11-10 11:30:00,PAL0809,100,Adelie,Dream,43.2,18.5,192.0,4100.0,MALE,,,B01
177,2008-11-10 13:00:00,PAL0809,99,Adelie,Dream,33.1,16.1,178.0,2900.0,FEMALE,,,B01
178,2008-11-11 09:00:00,PAL0809,73,Adelie,Torgersen,39.6,17.2,196.0,3550.0,FEMALE,,,B02
179,2008-11-11 10:30:00,PAL0809,69,Adelie,Torgersen,35.9,16.6,190.0,3050.0,FEMALE,,,B02
182,2008-11-13 10:30:00,PAL0809,61,Adelie,Biscoe,35.7,16.9,185.0,3150.0,FEMALE,,,B02
183,2008-11-13 10:30:00,PAL0809,69,Gentoo,Biscoe,43.5,14.2,220.0,4700.0,FEMALE,,,B03
184,2008-11-13 10:30:00,PAL0809,65,Adelie,Biscoe,36.4,17.1,184.0,2850.0,FEMALE,,,B02
185,2008-11-13 11:00:00,PAL0809,64,Gentoo,Biscoe,54.3,15.7,231.0,5650.0,MALE,,,B04
187,2008-11-13 12:30:00,PAL0809,62,Adelie,Biscoe,41.3,21.1,195.0,4400.0,MALE,,,B01
188,2008-11-13 13:00:00,PAL0809,63,Gentoo,Biscoe,45.7,13.9,214.0,4400.0,FEMALE,,,B03
189,2008-11-13 14:00:00,PAL0809,63,Adelie,Biscoe,37.6,17.0,185.0,3600.0,FEMALE,,,B02
186,2008-11-13 14:30:00,PAL0809,64,Adelie,Biscoe,41.1,18.2,192.0,4050.0,MALE,,,B01
190,2008-11-13 14:30:00,PAL0809,36,Gentoo,Biscoe,48.4,16.3,220.0,5400.0,MALE,,,B03
191,2008-11-13 15:00:00,PAL0809,35,Gentoo,Biscoe,49.1,14.8,220.0,5150.0,FEMALE,,,
192,2008-11-13 16:30:00,PAL0809,70,Gentoo,Biscoe,50.7,15.0,223.0,5550.0,MALE,,,B03
193,2008-11-14 09:30:00,PAL0809,30,Chinstrap,Dream,52.8,20.0,205.0,4550.0,MALE,,,B05
194,2008-11-14 10:00:00,PAL0809,71,Adelie,Torgersen,33.5,19.0,190.0,3600.0,FEMALE,,,B01
195,2008-11-14 11:30:00,PAL0809,38,Chinstrap,Dream,52.0,20.7,210.0,4800.0,MALE,,,B05
196,2008-11-14 11:30:00,PAL0809,72,Adelie,Torgersen,39.7,18.4,190.0,3900.0,MALE,,,B01
197,2008-11-14 11:30:00,PAL0809,37,Chinstrap,Dream,47.6,18.3,195.0,3850.0,FEMALE,,,B06
198,2008-11-14 12:30:00,PAL0809,92,Adelie,Dream,41.1,18.1,205.0,4300.0,MALE,,,B01
199,2008-11-14 13:00:00,PAL0809,44,Chinstrap,Dream,45.5,17.0,196.0,3500.0,FEMALE,,,B05
200,2008-11-14 14:30:00,PAL0809,91,Adelie,Dream,35.7,18.0,202.0,3550.0,FEMALE,,,B02
201,2008-11-14 15:30:00,PAL0809,29,Chinstrap,Dream,46.4,17.8,191.0,3700.0,FEMALE,,,B05
202,2008-11-14 16:00:00,PAL0809,43,Chinstrap,Dream,50.9,19.1,196.0,3550.0,MALE,,,B05
203,2008-11-15 10:30:00,PAL0809,59,Adelie,Biscoe,36.5,16.6,181.0,2850.0,FEMALE,,,
173,2008-11-15 14:30:00,PAL0809,58,Adelie,Biscoe,40.6,18.8,193.0,3800.0,MALE,,,B01
145,2008-11-15 15:00:00,PAL0809,57,Adelie,Biscoe,39.0,17.5,186.0,3550.0,FEMALE,,,B02
204,2008-11-15 16:30:00,PAL0809,60,Adelie,Biscoe,37.6,19.1,194.0,3750.0,MALE,,,B01
206,2008-11-17 10:30:00,PAL0809,96,Adelie,Dream,40.8,18.9,208.0,4300.0,MALE,,,B01
207,2008-11-17 14:30:00,PAL0809,86,Adelie,Dream,41.3,20.3,194.0,3550.0,MALE,,,B02
25,2008-11-17 16:00:00,PAL0809,85,Adelie,Dream,37.3,17.8,191.0,3350.0,FEMALE,,,B02
193,2008-11-24 08:00:00,PAL0809,40,Chinstrap,Dream,53.5,19.9,205.0,4500.0,MALE,,,B05
208,2008-11-24 09:00:00,PAL0809,33,Chinstrap,Dream,42.5,16.7,187.0,3350.0,FEMALE,,,B06
209,2008-11-24 11:00:00,PAL0809,39,Chinstrap,Dream,46.9,16.6,192.0,2700.0,FEMALE,,,B06
210,2008-11-24 11:30:00,PAL0809,31,Chinstrap,Dream,40.9,16.6,187.0,3200.0,FEMALE,,,B06
211,2008-11-24 14:30:00,PAL0809,42,Chinstrap,Dream,46.2,17.5,187.0,3650.0,FEMALE,,,B05
212,2008-11-24 15:30:00,PAL0809,32,Chinstrap,Dream,54.2,20.8,201.0,4300.0,MALE,,,B06
213,2008-11-24 16:00:00,PAL0809,41,Chinstrap,Dream,49.0,19.5,210.0,3950.0,MALE,,,B05
214,2008-11-24 16:00:00,PAL0809,34,Chinstrap,Dream,51.0,18.8,203.0,4100.0,MALE,,,B06
215,2008-11-25 11:00:00,PAL0809,27,Chinstrap,Dream,50.5,18.4,200.0,3400.0,FEMALE,,,B05
216,2008-11-25 11:00:00,PAL0809,35,Chinstrap,Dream,49.7,18.6,195.0,3600.0,MALE,,,
217,2008-11-25 14:00:00,PAL0809,36,Chinstrap,Dream,47.5,16.8,199.0,3900.0,FEMALE,,,
218,2008-11-25 14:30:00,PAL0809,28,Chinstrap,Dream,49.5,19.0,200.0,3800.0,MALE,,,B05
219,2009-11-09 12:00:00,PAL0910,102,Adelie,Biscoe,41.0,20.0,203.0,4725.0,MALE,,,B02
220,2009-11-09 12:30:00,PAL0910,109,Gentoo,Biscoe,43.3,14.0,208.0,4575.0,FEMALE,,,B03
221,2009-11-09 13:00:00,PAL0910,110,Gentoo,Biscoe,48.1,15.1,209.0,5500.0,MALE,,,B04
222,2009-11-09 16:00:00,PAL0910,101,Adelie,Biscoe,35.0,17.9,192.0,3725.0,FEMALE,,,B02
223,2009-11-10 10:00:00,PAL0910,107,Gentoo,Biscoe,41.7,14.7,210.0,4700.0,FEMALE,,,B03
225,2009-11-10 14:00:00,PAL0910,133,Adelie,Dream,36.8,18.5,193.0,3500.0,FEMALE,,,B02
226,2009-11-10 16:00:00,PAL0910,108,Gentoo,Biscoe,53.4,15.8,219.0,5500.0,MALE,,,B04
227,2009-11-12 12:00:00,PAL0910,111,Adelie,Biscoe,38.1,16.5,198.0,3825.0,FEMALE,,,B01
228,2009-11-12 15:30:00,PAL0910,112,Adelie,Biscoe,45.6,20.3,191.0,4600.0,MALE,,,B01
229,2009-11-13 08:30:00,PAL0910,135,Adelie,Dream,38.1,17.6,187.0,3425.0,FEMALE,,,B02
230,2009-11-13 14:30:00,PAL0910,136,Adelie,Dream,41.1,17.5,190.0,3900.0,MALE,,,B02
231,2009-11-13 15:00:00,PAL0910,147,Adelie,Dream,39.2,18.6,190.0,4250.0,MALE,,,B02
232,2009-11-13 15:30:00,PAL0910,148,Adelie,Dream,36.6,18.4,184.0,3475.0,FEMALE,,,B02
233,2009-11-14 09:30:00,PAL0910,141,Adelie,Dream,40.2,17.1,193.0,3400.0,FEMALE,,,B01
234,2009-11-14 16:00:00,PAL0910,142,Adelie,Dream,40.6,17.2,187.0,3475.0,MALE,,,B02
235,2009-11-15 08:00:00,PAL0910,104,Adelie,Biscoe,37.8,20.0,190.0,4250.0,MALE,,,B01
236,2009-11-15 08:30:00,PAL0910,103,Adelie,Biscoe,37.7,16.0,183.0,3075.0,FEMALE,,,B01
237,2009-11-15 09:00:00,PAL0910,84,Gentoo,Biscoe,50.0,15.9,224.0,5350.0,MALE,,,B03
15,2009-11-15 09:30:00,PAL0910,106,Adelie,Biscoe,39.7,18.9,184.0,3550.0,MALE,,,B01
238,2009-11-15 11:00:00,PAL0910,105,Adelie,Biscoe,37.9,18.6,193.0,2925.0,FEMALE,,,B01
239,2009-11-15 13:30:00,PAL0910,113,Adelie,Biscoe,39.7,17.7,193.0,3200.0,FEMALE,,,B02
240,2009-11-15 15:30:00,PAL0910,107,Adelie,Biscoe,38.6,17.2,199.0,3750.0,FEMALE,,,B01
242,2009-11-15 15:30:00,PAL0910,114,Adelie,Biscoe,42.2,19.5,197.0,4275.0,MALE,,,B01
243,2009-11-15 16:00:00,PAL0910,83,Gentoo,Biscoe,47.4,14.6,212.0,4725.0,FEMALE,,,B03
244,2009-11-16 08:30:00,PAL0910,124,Adelie,Torgersen,41.4,18.5,202.0,3875.0,MALE,,,
245,2009-11-16 09:00:00,PAL0910,123,Adelie,Torgersen,40.2,17.0,176.0,3450.0,FEMALE,,,B01
246,2009-11-16 10:30:00,PAL0910,138,Adelie,Dream,40.2,20.1,200.0,3975.0,MALE,,,B01
247,2009-11-16 10:30:00,PAL0910,146,Adelie,Dream,39.0,18.7,185.0,3650.0,MALE,,,B01
248,2009-11-16 11:00:00,PAL0910,137,Adelie,Dream,35.6,17.5,191.0,3175.0,FEMALE,,,B02
249,2009-11-16 11:30:00,PAL0910,145,Adelie,Dream,37.3,16.8,192.0,3000.0,FEMALE,,,B02
250,2009-11-16 11:30:00,PAL0910,143,Adelie,Dream,32.1,15.5,188.0,3050.0,FEMALE,,,
251,2009-11-16 12:00:00,PAL0910,140,Adelie,Dream,39.7,17.9,193.0,4250.0,MALE,,,B02
252,2009-11-16 14:30:00,PAL0910,139,Adelie,Dream,37.0,16.5,185.0,3400.0,FEMALE,,,B01
253,2009-11-16 15:00:00,PAL0910,144,Adelie,Dream,40.7,17.0,190.0,3725.0,MALE,,,B03
254,2009-11-17 08:30:00,PAL0910,46,Chinstrap,Dream,50.8,18.5,201.0,4450.0,MALE,,,B05
255,2009-11-17 08:30:00,PAL0910,122,Adelie,Torgersen,37.7,19.8,198.0,3500.0,MALE,,,B02
256,2009-11-17 09:30:00,PAL0910,115,Adelie,Biscoe,39.6,20.7,191.0,3900.0,FEMALE,,,B02
257,2009-11-17 09:30:00,PAL0910,116,Adelie,Biscoe,42.7,18.3,196.0,4075.0,MALE,,,B01
258,2009-11-17 10:30:00,PAL0910,149,Adelie,Dream,36.0,17.8,195.0,3450.0,FEMALE,,,B01
259,2009-11-17 11:30:00,PAL0910,150,Adelie,Dream,37.8,18.1,193.0,3750.0,MALE,,,B02
260,2009-11-17 12:30:00,PAL0910,151,Adelie,Dream,36.0,17.1,187.0,3700.0,FEMALE,,,B02
261,2009-11-17 12:30:00,PAL0910,121,Adelie,Torgersen,36.2,17.2,187.0,3150.0,FEMALE,,,B02
262,2009-11-17 14:00:00,PAL0910,152,Adelie,Dream,41.5,18.5,201.0,4000.0,MALE,,,B02
263,2009-11-17 16:30:00,PAL0910,45,Chinstrap,Dream,50.9,17.9,196.0,3675.0,FEMALE,,,B05
264,2009-11-18 08:00:00,PAL0910,100,Gentoo,Biscoe,51.1,16.5,225.0,5250.0,MALE,,,B03
265,2009-11-18 08:30:00,PAL0910,117,Adelie,Torgersen,38.6,17.0,188.0,2900.0,FEMALE,,,B02
266,2009-11-18 09:00:00,PAL0910,99,Gentoo,Biscoe,48.4,14.4,203.0,4625.0,FEMALE,,,B04
267,2009-11-18 10:00:00,PAL0910,81,Gentoo,Biscoe,49.1,14.5,212.0,4625.0,FEMALE,,,B03
268,2009-11-18 10:30:00,PAL0910,104,Gentoo,Biscoe,49.1,15.0,228.0,5500.0,MALE,,,B04
270,2009-11-18 11:00:00,PAL0910,125,Adelie,Torgersen,35.2,15.9,186.0,3050.0,FEMALE,,,B02
271,2009-11-18 11:00:00,PAL0910,130,Adelie,Torgersen,44.1,18.0,210.0,4000.0,MALE,,,B01
272,2009-11-18 11:30:00,PAL0910,103,Gentoo,Biscoe,47.2,15.5,215.0,4975.0,FEMALE,,,B04
273,2009-11-18 11:30:00,PAL0910,118,Adelie,Torgersen,37.3,20.5,199.0,3775.0,MALE,,,B01
274,2009-11-18 12:00:00,PAL0910,98,Gentoo,Biscoe,46.9,14.6,222.0,4875.0,FEMALE,,,B04
275,2009-11-18 15:30:00,PAL0910,126,Adelie,Torgersen,40.6,19.0,199.0,4000.0,MALE,,,B01
276,2009-11-18 16:30:00,PAL0910,97,Gentoo,Biscoe,49.4,15.8,216.0,4925.0,MALE,,,B04
277,2009-11-18 16:30:00,PAL0910,82,Gentoo,Biscoe,52.5,15.6,221.0,5450.0,MALE,,,B04
278,2009-11-19 08:30:00,PAL0910,64,Chinstrap,Dream,55.8,19.8,207.0,4000.0,MALE,,,B05
279,2009-11-19 14:00:00,PAL0910,63,Chinstrap,Dream,45.7,17.0,195.0,3650.0,FEMALE,,,B05
280,2009-11-20 09:00:00,PAL0910,112,Gentoo,Biscoe,49.8,15.9,229.0,5950.0,MALE,,,B03
281,2009-11-20 09:30:00,PAL0910,87,Gentoo,Biscoe,43.4,14.4,218.0,4600.0,FEMALE,,,B04
282,2009-11-20 11:00:00,PAL0910,88,Gentoo,Biscoe,51.3,14.2,218.0,5300.0,MALE,,,B03
283,2009-11-20 12:30:00,PAL0910,110,Adelie,Biscoe,43.2,19.0,197.0,4775.0,MALE,,,B02
284,2009-11-20 13:00:00,PAL0910,111,Gentoo,Biscoe,50.5,15.2,216.0,5000.0,FEMALE,,,B03
285,2009-11-20 16:30:00,PAL0910,109,Adelie,Biscoe,38.1,17.0,181.0,3175.0,FEMALE,,,B01
286,2009-11-21 08:00:00,PAL0910,65,Chinstrap,Dream,43.5,18.1,202.0,3400.0,FEMALE,,,B06
287,2009-11-21 08:30:00,PAL0910,51,Chinstrap,Dream,48.1,16.4,199.0,3325.0,FEMALE,,,B06
288,2009-11-21 09:30:00,PAL0910,67,Chinstrap,Dream,50.8,19.0,210.0,4100.0,MALE,,,B06
289,2009-11-21 10:00:00,PAL0910,60,Chinstrap,Dream,45.6,19.4,194.0,3525.0,FEMALE,,,B05
290,2009-11-21 10:30:00,PAL0910,58,Chinstrap,Dream,49.3,19.9,203.0,4050.0,MALE,,,B06
291,2009-11-21 12:00:00,PAL0910,52,Chinstrap,Dream,51.4,19.0,201.0,3950.0,MALE,,,B06
155,2009-11-21 15:00:00,PAL0910,128,Adelie,Torgersen,41.5,18.3,195.0,4300.0,MALE,,,B01
293,2009-11-21 15:30:00,PAL0910,68,Chinstrap,Dream,50.2,18.7,198.0,3775.0,FEMALE,,,B05
294,2009-11-21 16:00:00,PAL0910,57,Chinstrap,Dream,45.2,16.6,191.0,3250.0,FEMALE,,,B06
295,2009-11-21 16:00:00,PAL0910,66,Chinstrap,Dream,49.6,18.2,193.0,3775.0,MALE,,,B06
296,2009-11-21 16:00:00,PAL0910,59,Chinstrap,Dream,50.2,18.8,202.0,3800.0,MALE,,,B05
297,2009-11-22 08:30:00,PAL0910,121,Gentoo,Biscoe,46.8,14.3,215.0,4850.0,FEMALE,,,B03
298,2009-11-22 09:30:00,PAL0910,101,Gentoo,Biscoe,48.5,15.0,219.0,4850.0,FEMALE,,,B04
299,2009-11-22 10:00:00,PAL0910,85,Gentoo,Biscoe,44.9,13.8,212.0,4750.0,FEMALE,,,B04
300,2009-11-22 10:30:00,PAL0910,123,Gentoo,Biscoe,45.2,14.8,212.0,5200.0,FEMALE,,,B04
301,2009-11-22 11:30:00,PAL0910,102,Gentoo,Biscoe,55.9,17.0,228.0,5600.0,MALE,,,B04
302,2009-11-22 12:30:00,PAL0910,120,Adelie,Torgersen,41.1,18.6,189.0,3325.0,MALE,,,B01
303,2009-11-22 13:30:00,PAL0910,122,Gentoo,Biscoe,50.4,15.7,222.0,5750.0,MALE,,,B04
304,2009-11-22 14:00:00,PAL0910,124,Gentoo,Biscoe,49.9,16.1,213.0,5400.0,MALE,,,B04
305,2009-11-22 15:00:00,PAL0910,119,Adelie,Torgersen,35.7,17.0,189.0,3350.0,FEMALE,,,B02
306,2009-11-22 16:00:00,PAL0910,86,Gentoo,Biscoe,50.8,17.3,228.0,5600.0,MALE,,,
307,2009-11-23 08:00:00,PAL0910,50,Chinstrap,Dream,49.8,17.3,198.0,3675.0,FEMALE,,,B05
308,2009-11-23 12:00:00,PAL0910,49,Chinstrap,Dream,51.5,18.7,187.0,3250.0,MALE,,,B05
309,2009-11-23 13:30:00,PAL0910,54,Chinstrap,Dream,50.7,19.7,203.0,4050.0,MALE,,,B06
310,2009-11-23 14:00:00,PAL0910,132,Adelie,Torgersen,43.1,19.2,197.0,3500.0,MALE,,,
311,2009-11-23 15:00:00,PAL0910,53,Chinstrap,Dream,45.7,17.3,193.0,3600.0,FEMALE,,,B06
292,2009-11-23 16:30:00,PAL0910,131,Adelie,Torgersen,38.5,17.9,190.0,3325.0,FEMALE,,,B01
312,2009-11-25 08:00:00,PAL0910,115,Gentoo,Biscoe,46.2,14.1,217.0,4375.0,FEMALE,,,B03
313,2009-11-25 10:00:00,PAL0910,90,Gentoo,Biscoe,52.1,17.0,230.0,5550.0,MALE,,,B04
314,2009-11-25 11:00:00,PAL0910,116,Gentoo,Biscoe,55.1,16.0,230.0,5850.0,MALE,,,B04
315,2009-11-25 13:30:00,PAL0910,92,Gentoo,Biscoe,52.2,17.1,228.0,5400.0,MALE,,,B04
316,2009-11-25 15:00:00,PAL0910,89,Gentoo,Biscoe,47.5,14.0,212.0,4875.0,FEMALE,,,B04
317,2009-11-25 15:30:00,PAL0910,91,Gentoo,Biscoe,47.5,15.0,218.0,4950.0,FEMALE,,,B04
318,2009-11-27 09:30:00,PAL0910,95,Gentoo,Biscoe,44.5,14.7,214.0,4850.0,FEMALE,,,B03
319,2009-11-27 10:30:00,PAL0910,55,Chinstrap,Dream,42.5,17.3,187.0,3350.0,FEMALE,,,B05
320,2009-11-27 10:30:00,PAL0910,62,Chinstrap,Dream,46.8,16.5,189.0,3650.0,FEMALE,,,B05
321,2009-11-27 11:00:00,PAL0910,47,Chinstrap,Dream,50.1,17.9,190.0,3400.0,FEMALE,,,B06
322,2009-11-27 12:30:00,PAL0910,96,Gentoo,Biscoe,50.8,15.7,226.0,5200.0,MALE,,,B03
323,2009-11-27 13:00:00,PAL0910,48,Chinstrap,Dream,49.0,19.6,212.0,4300.0,MALE,,,B05
324,2009-11-27 13:00:00,PAL0910,61,Chinstrap,Dream,51.9,19.5,206.0,3950.0,MALE,,,B06
325,2009-11-27 13:00:00,PAL0910,113,Gentoo,Biscoe,43.5,15.2,213.0,4650.0,FEMALE,,,B03
326,2009-11-27 14:30:00,PAL0910,114,Gentoo,Biscoe,51.5,16.3,230.0,5500.0,MALE,,,B03
327,2009-11-27 15:00:00,PAL0910,56,Chinstrap,Dream,52.2,18.8,197.0,3450.0,MALE,,,B05
328,2009-12-01 08:00:00,PAL0910,94,Gentoo,Biscoe,49.5,16.1,224.0,5650.0,MALE,,,B03
81,2009-12-01 09:30:00,PAL0910,93,Gentoo,Biscoe,45.5,14.5,212.0,4750.0,FEMALE,,,B03
329,2009-12-01 10:00:00,PAL0910,106,Gentoo,Biscoe,46.8,16.1,215.0,5500.0,MALE,,,B04
330,2009-12-01 10:30:00,PAL0910,117,Gentoo,Biscoe,44.5,15.7,217.0,4875.0,,,,B03
331,2009-12-01 11:00:00,PAL0910,120,Gentoo,Biscoe,,,,,,,,
332,2009-12-01 13:00:00,PAL0910,118,Gentoo,Biscoe,48.8,16.2,222.0,6000.0,MALE,,,B05
333,2009-12-01 13:30:00,PAL0910,105,Gentoo,Biscoe,47.3,13.8,216.0,4725.0,,,,B03
334,2009-12-01 16:00:00,PAL0910,119,Gentoo,Biscoe,47.2,13.7,214.0,4925.0,FEMALE,,,B03
